<annotation>
	<folder>my-project-name</folder>
	<filename>1.jpg</filename>
	<path>/my-project-name/1.jpg</path>
	<source>
		<database>Unspecified</database>
	</source>
	<size>
		<width>827</width>
		<height>532</height>
		<depth>3</depth>
	</size>
	<object>
		<name>First Name</name>
		<pose>Unspecified</pose>
		<truncated>Unspecified</truncated>
		<difficult>Unspecified</difficult>
		<bndbox>
			<xmin>270</xmin>
			<ymin>51</ymin>
			<xmax>403</xmax>
			<ymax>79</ymax>
		</bndbox>
	</object>
	<object>
		<name>Last Name</name>
		<pose>Unspecified</pose>
		<truncated>Unspecified</truncated>
		<difficult>Unspecified</difficult>
		<bndbox>
			<xmin>273</xmin>
			<ymin>83</ymin>
			<xmax>680</xmax>
			<ymax>143</ymax>
		</bndbox>
	</object>
	<object>
		<name>DOB</name>
		<pose>Unspecified</pose>
		<truncated>Unspecified</truncated>
		<difficult>Unspecified</difficult>
		<bndbox>
			<xmin>274</xmin>
			<ymin>145</ymin>
			<xmax>406</xmax>
			<ymax>172</ymax>
		</bndbox>
	</object>
	<object>
		<name>ID Number</name>
		<pose>Unspecified</pose>
		<truncated>Unspecified</truncated>
		<difficult>Unspecified</difficult>
		<bndbox>
			<xmin>308</xmin>
			<ymin>232</ymin>
			<xmax>621</xmax>
			<ymax>269</ymax>
		</bndbox>
	</object>
	<object>
		<name>Address</name>
		<pose>Unspecified</pose>
		<truncated>Unspecified</truncated>
		<difficult>Unspecified</difficult>
		<bndbox>
			<xmin>255</xmin>
			<ymin>344</ymin>
			<xmax>559</xmax>
			<ymax>419</ymax>
		</bndbox>
	</object>
</annotation>