<annotation>
	<folder>my-project-name</folder>
	<filename>11.jpg</filename>
	<path>/my-project-name/11.jpg</path>
	<source>
		<database>Unspecified</database>
	</source>
	<size>
		<width>702</width>
		<height>425</height>
		<depth>3</depth>
	</size>
	<object>
		<name>First Name</name>
		<pose>Unspecified</pose>
		<truncated>Unspecified</truncated>
		<difficult>Unspecified</difficult>
		<bndbox>
			<xmin>232</xmin>
			<ymin>42</ymin>
			<xmax>346</xmax>
			<ymax>63</ymax>
		</bndbox>
	</object>
	<object>
		<name>Last Name</name>
		<pose>Unspecified</pose>
		<truncated>Unspecified</truncated>
		<difficult>Unspecified</difficult>
		<bndbox>
			<xmin>233</xmin>
			<ymin>66</ymin>
			<xmax>414</xmax>
			<ymax>95</ymax>
		</bndbox>
	</object>
	<object>
		<name>DOB</name>
		<pose>Unspecified</pose>
		<truncated>Unspecified</truncated>
		<difficult>Unspecified</difficult>
		<bndbox>
			<xmin>233</xmin>
			<ymin>117</ymin>
			<xmax>344</xmax>
			<ymax>143</ymax>
		</bndbox>
	</object>
	<object>
		<name>ID Number</name>
		<pose>Unspecified</pose>
		<truncated>Unspecified</truncated>
		<difficult>Unspecified</difficult>
		<bndbox>
			<xmin>240</xmin>
			<ymin>192</ymin>
			<xmax>464</xmax>
			<ymax>222</ymax>
		</bndbox>
	</object>
	<object>
		<name>Address</name>
		<pose>Unspecified</pose>
		<truncated>Unspecified</truncated>
		<difficult>Unspecified</difficult>
		<bndbox>
			<xmin>238</xmin>
			<ymin>281</ymin>
			<xmax>533</xmax>
			<ymax>311</ymax>
		</bndbox>
	</object>
</annotation>