<annotation>
	<folder>my-project-name</folder>
	<filename>12.jpg</filename>
	<path>/my-project-name/12.jpg</path>
	<source>
		<database>Unspecified</database>
	</source>
	<size>
		<width>799</width>
		<height>521</height>
		<depth>3</depth>
	</size>
	<object>
		<name>First Name</name>
		<pose>Unspecified</pose>
		<truncated>Unspecified</truncated>
		<difficult>Unspecified</difficult>
		<bndbox>
			<xmin>267</xmin>
			<ymin>83</ymin>
			<xmax>361</xmax>
			<ymax>114</ymax>
		</bndbox>
	</object>
	<object>
		<name>Last Name</name>
		<pose>Unspecified</pose>
		<truncated>Unspecified</truncated>
		<difficult>Unspecified</difficult>
		<bndbox>
			<xmin>269</xmin>
			<ymin>113</ymin>
			<xmax>441</xmax>
			<ymax>145</ymax>
		</bndbox>
	</object>
	<object>
		<name>DOB</name>
		<pose>Unspecified</pose>
		<truncated>Unspecified</truncated>
		<difficult>Unspecified</difficult>
		<bndbox>
			<xmin>269</xmin>
			<ymin>166</ymin>
			<xmax>391</xmax>
			<ymax>192</ymax>
		</bndbox>
	</object>
	<object>
		<name>ID Number</name>
		<pose>Unspecified</pose>
		<truncated>Unspecified</truncated>
		<difficult>Unspecified</difficult>
		<bndbox>
			<xmin>307</xmin>
			<ymin>252</ymin>
			<xmax>594</xmax>
			<ymax>284</ymax>
		</bndbox>
	</object>
	<object>
		<name>Address</name>
		<pose>Unspecified</pose>
		<truncated>Unspecified</truncated>
		<difficult>Unspecified</difficult>
		<bndbox>
			<xmin>270</xmin>
			<ymin>354</ymin>
			<xmax>622</xmax>
			<ymax>410</ymax>
		</bndbox>
	</object>
</annotation>