<annotation>
	<folder>my-project-name</folder>
	<filename>14.jpg</filename>
	<path>/my-project-name/14.jpg</path>
	<source>
		<database>Unspecified</database>
	</source>
	<size>
		<width>1949</width>
		<height>1227</height>
		<depth>3</depth>
	</size>
	<object>
		<name>First Name</name>
		<pose>Unspecified</pose>
		<truncated>Unspecified</truncated>
		<difficult>Unspecified</difficult>
		<bndbox>
			<xmin>653</xmin>
			<ymin>160</ymin>
			<xmax>908</xmax>
			<ymax>231</ymax>
		</bndbox>
	</object>
	<object>
		<name>Last Name</name>
		<pose>Unspecified</pose>
		<truncated>Unspecified</truncated>
		<difficult>Unspecified</difficult>
		<bndbox>
			<xmin>660</xmin>
			<ymin>233</ymin>
			<xmax>926</xmax>
			<ymax>302</ymax>
		</bndbox>
	</object>
	<object>
		<name>DOB</name>
		<pose>Unspecified</pose>
		<truncated>Unspecified</truncated>
		<difficult>Unspecified</difficult>
		<bndbox>
			<xmin>653</xmin>
			<ymin>366</ymin>
			<xmax>947</xmax>
			<ymax>426</ymax>
		</bndbox>
	</object>
	<object>
		<name>ID Number</name>
		<pose>Unspecified</pose>
		<truncated>Unspecified</truncated>
		<difficult>Unspecified</difficult>
		<bndbox>
			<xmin>745</xmin>
			<ymin>569</ymin>
			<xmax>1016</xmax>
			<ymax>631</ymax>
		</bndbox>
	</object>
	<object>
		<name>Address</name>
		<pose>Unspecified</pose>
		<truncated>Unspecified</truncated>
		<difficult>Unspecified</difficult>
		<bndbox>
			<xmin>646</xmin>
			<ymin>805</ymin>
			<xmax>1011</xmax>
			<ymax>978</ymax>
		</bndbox>
	</object>
</annotation>