<annotation>
	<folder>my-project-name</folder>
	<filename>15.jpg</filename>
	<path>/my-project-name/15.jpg</path>
	<source>
		<database>Unspecified</database>
	</source>
	<size>
		<width>444</width>
		<height>273</height>
		<depth>3</depth>
	</size>
	<object>
		<name>First Name</name>
		<pose>Unspecified</pose>
		<truncated>Unspecified</truncated>
		<difficult>Unspecified</difficult>
		<bndbox>
			<xmin>155</xmin>
			<ymin>38</ymin>
			<xmax>203</xmax>
			<ymax>54</ymax>
		</bndbox>
	</object>
	<object>
		<name>Last Name</name>
		<pose>Unspecified</pose>
		<truncated>Unspecified</truncated>
		<difficult>Unspecified</difficult>
		<bndbox>
			<xmin>156</xmin>
			<ymin>56</ymin>
			<xmax>199</xmax>
			<ymax>71</ymax>
		</bndbox>
	</object>
	<object>
		<name>DOB</name>
		<pose>Unspecified</pose>
		<truncated>Unspecified</truncated>
		<difficult>Unspecified</difficult>
		<bndbox>
			<xmin>154</xmin>
			<ymin>88</ymin>
			<xmax>222</xmax>
			<ymax>105</ymax>
		</bndbox>
	</object>
	<object>
		<name>ID Number</name>
		<pose>Unspecified</pose>
		<truncated>Unspecified</truncated>
		<difficult>Unspecified</difficult>
		<bndbox>
			<xmin>174</xmin>
			<ymin>136</ymin>
			<xmax>320</xmax>
			<ymax>157</ymax>
		</bndbox>
	</object>
	<object>
		<name>Address</name>
		<pose>Unspecified</pose>
		<truncated>Unspecified</truncated>
		<difficult>Unspecified</difficult>
		<bndbox>
			<xmin>151</xmin>
			<ymin>191</ymin>
			<xmax>354</xmax>
			<ymax>216</ymax>
		</bndbox>
	</object>
</annotation>