<annotation>
	<folder>my-project-name</folder>
	<filename>16.jpg</filename>
	<path>/my-project-name/16.jpg</path>
	<source>
		<database>Unspecified</database>
	</source>
	<size>
		<width>500</width>
		<height>316</height>
		<depth>3</depth>
	</size>
	<object>
		<name>First Name</name>
		<pose>Unspecified</pose>
		<truncated>Unspecified</truncated>
		<difficult>Unspecified</difficult>
		<bndbox>
			<xmin>172</xmin>
			<ymin>36</ymin>
			<xmax>232</xmax>
			<ymax>53</ymax>
		</bndbox>
	</object>
	<object>
		<name>Last Name</name>
		<pose>Unspecified</pose>
		<truncated>Unspecified</truncated>
		<difficult>Unspecified</difficult>
		<bndbox>
			<xmin>173</xmin>
			<ymin>56</ymin>
			<xmax>235</xmax>
			<ymax>73</ymax>
		</bndbox>
	</object>
	<object>
		<name>DOB</name>
		<pose>Unspecified</pose>
		<truncated>Unspecified</truncated>
		<difficult>Unspecified</difficult>
		<bndbox>
			<xmin>172</xmin>
			<ymin>91</ymin>
			<xmax>248</xmax>
			<ymax>106</ymax>
		</bndbox>
	</object>
	<object>
		<name>ID Number</name>
		<pose>Unspecified</pose>
		<truncated>Unspecified</truncated>
		<difficult>Unspecified</difficult>
		<bndbox>
			<xmin>190</xmin>
			<ymin>144</ymin>
			<xmax>353</xmax>
			<ymax>160</ymax>
		</bndbox>
	</object>
	<object>
		<name>Address</name>
		<pose>Unspecified</pose>
		<truncated>Unspecified</truncated>
		<difficult>Unspecified</difficult>
		<bndbox>
			<xmin>175</xmin>
			<ymin>210</ymin>
			<xmax>458</xmax>
			<ymax>228</ymax>
		</bndbox>
	</object>
</annotation>