<annotation>
	<folder>my-project-name</folder>
	<filename>18.jpg</filename>
	<path>/my-project-name/18.jpg</path>
	<source>
		<database>Unspecified</database>
	</source>
	<size>
		<width>696</width>
		<height>454</height>
		<depth>3</depth>
	</size>
	<object>
		<name>First Name</name>
		<pose>Unspecified</pose>
		<truncated>Unspecified</truncated>
		<difficult>Unspecified</difficult>
		<bndbox>
			<xmin>243</xmin>
			<ymin>55</ymin>
			<xmax>341</xmax>
			<ymax>79</ymax>
		</bndbox>
	</object>
	<object>
		<name>Last Name</name>
		<pose>Unspecified</pose>
		<truncated>Unspecified</truncated>
		<difficult>Unspecified</difficult>
		<bndbox>
			<xmin>245</xmin>
			<ymin>81</ymin>
			<xmax>314</xmax>
			<ymax>105</ymax>
		</bndbox>
	</object>
	<object>
		<name>DOB</name>
		<pose>Unspecified</pose>
		<truncated>Unspecified</truncated>
		<difficult>Unspecified</difficult>
		<bndbox>
			<xmin>244</xmin>
			<ymin>130</ymin>
			<xmax>347</xmax>
			<ymax>154</ymax>
		</bndbox>
	</object>
	<object>
		<name>ID Number</name>
		<pose>Unspecified</pose>
		<truncated>Unspecified</truncated>
		<difficult>Unspecified</difficult>
		<bndbox>
			<xmin>284</xmin>
			<ymin>204</ymin>
			<xmax>509</xmax>
			<ymax>228</ymax>
		</bndbox>
	</object>
	<object>
		<name>Address</name>
		<pose>Unspecified</pose>
		<truncated>Unspecified</truncated>
		<difficult>Unspecified</difficult>
		<bndbox>
			<xmin>243</xmin>
			<ymin>293</ymin>
			<xmax>413</xmax>
			<ymax>341</ymax>
		</bndbox>
	</object>
</annotation>