<annotation>
	<folder>my-project-name</folder>
	<filename>6.jpg</filename>
	<path>/my-project-name/6.jpg</path>
	<source>
		<database>Unspecified</database>
	</source>
	<size>
		<width>644</width>
		<height>413</height>
		<depth>3</depth>
	</size>
	<object>
		<name>First Name</name>
		<pose>Unspecified</pose>
		<truncated>Unspecified</truncated>
		<difficult>Unspecified</difficult>
		<bndbox>
			<xmin>216</xmin>
			<ymin>40</ymin>
			<xmax>295</xmax>
			<ymax>63</ymax>
		</bndbox>
	</object>
	<object>
		<name>Last Name</name>
		<pose>Unspecified</pose>
		<truncated>Unspecified</truncated>
		<difficult>Unspecified</difficult>
		<bndbox>
			<xmin>219</xmin>
			<ymin>63</ymin>
			<xmax>399</xmax>
			<ymax>88</ymax>
		</bndbox>
	</object>
	<object>
		<name>DOB</name>
		<pose>Unspecified</pose>
		<truncated>Unspecified</truncated>
		<difficult>Unspecified</difficult>
		<bndbox>
			<xmin>219</xmin>
			<ymin>112</ymin>
			<xmax>318</xmax>
			<ymax>135</ymax>
		</bndbox>
	</object>
	<object>
		<name>ID Number</name>
		<pose>Unspecified</pose>
		<truncated>Unspecified</truncated>
		<difficult>Unspecified</difficult>
		<bndbox>
			<xmin>253</xmin>
			<ymin>179</ymin>
			<xmax>489</xmax>
			<ymax>205</ymax>
		</bndbox>
	</object>
	<object>
		<name>Address</name>
		<pose>Unspecified</pose>
		<truncated>Unspecified</truncated>
		<difficult>Unspecified</difficult>
		<bndbox>
			<xmin>223</xmin>
			<ymin>264</ymin>
			<xmax>538</xmax>
			<ymax>311</ymax>
		</bndbox>
	</object>
</annotation>