<annotation>
	<folder>my-project-name</folder>
	<filename>9.jpg</filename>
	<path>/my-project-name/9.jpg</path>
	<source>
		<database>Unspecified</database>
	</source>
	<size>
		<width>648</width>
		<height>394</height>
		<depth>3</depth>
	</size>
	<object>
		<name>First Name</name>
		<pose>Unspecified</pose>
		<truncated>Unspecified</truncated>
		<difficult>Unspecified</difficult>
		<bndbox>
			<xmin>223</xmin>
			<ymin>41</ymin>
			<xmax>288</xmax>
			<ymax>64</ymax>
		</bndbox>
	</object>
	<object>
		<name>Last Name</name>
		<pose>Unspecified</pose>
		<truncated>Unspecified</truncated>
		<difficult>Unspecified</difficult>
		<bndbox>
			<xmin>226</xmin>
			<ymin>64</ymin>
			<xmax>412</xmax>
			<ymax>88</ymax>
		</bndbox>
	</object>
	<object>
		<name>DOB</name>
		<pose>Unspecified</pose>
		<truncated>Unspecified</truncated>
		<difficult>Unspecified</difficult>
		<bndbox>
			<xmin>225</xmin>
			<ymin>112</ymin>
			<xmax>324</xmax>
			<ymax>132</ymax>
		</bndbox>
	</object>
	<object>
		<name>ID Number</name>
		<pose>Unspecified</pose>
		<truncated>Unspecified</truncated>
		<difficult>Unspecified</difficult>
		<bndbox>
			<xmin>256</xmin>
			<ymin>178</ymin>
			<xmax>474</xmax>
			<ymax>202</ymax>
		</bndbox>
	</object>
	<object>
		<name>Address</name>
		<pose>Unspecified</pose>
		<truncated>Unspecified</truncated>
		<difficult>Unspecified</difficult>
		<bndbox>
			<xmin>226</xmin>
			<ymin>261</ymin>
			<xmax>604</xmax>
			<ymax>302</ymax>
		</bndbox>
	</object>
</annotation>